{
  "winner": "RandomForest",
  "selection_metric": "cv_roc_auc",
  "models": [
    {
      "model": "RandomForest",
      "accuracy": 1.0,
      "precision": 1.0,
      "recall": 1.0,
      "f1": 1.0,
      "roc_auc": 1.0
    },
    {
      "model": "LogisticRegression",
      "accuracy": 0.9984848484848485,
      "precision": 0.9978308026030369,
      "recall": 1.0,
      "f1": 0.998914223669924,
      "roc_auc": 1.0
    },
    {
      "model": "XGBoost",
      "accuracy": 1.0,
      "precision": 1.0,
      "recall": 1.0,
      "f1": 1.0,
      "roc_auc": 1.0
    }
  ],
  "cross_validation": {
    "RandomForest": {
      "accuracy_mean": 1.0,
      "accuracy_std": 0.0,
      "f1_mean": 1.0,
      "f1_std": 0.0,
      "roc_auc_mean": 1.0,
      "roc_auc_std": 0.0
    },
    "LogisticRegression": {
      "accuracy_mean": 0.9996969696969696,
      "accuracy_std": 0.0006060606060605878,
      "f1_mean": 0.9997828447339849,
      "f1_std": 0.000434310532030402,
      "roc_auc_mean": 1.0,
      "roc_auc_std": 0.0
    },
    "XGBoost": {
      "accuracy_mean": 0.9993939393939394,
      "accuracy_std": 0.00121212121212122,
      "f1_mean": 0.9995661605206074,
      "f1_std": 0.000867678958785234,
      "roc_auc_mean": 1.0,
      "roc_auc_std": 0.0
    }
  }
}